{
  "project_info": {
    "project_number": "163115966016",
    "project_id": "projeto-f9117",
    "storage_bucket": "projeto-f9117.appspot.com"
  },
  "client": [
    {
      "client_info": {
        "mobilesdk_app_id": "1:163115966016:android:18f3d93d522f190f0a49a5",
        "android_client_info": {
          "package_name": "com.example.projeto"
        }
      },
      "oauth_client": [
        {
          "client_id": "163115966016-6qjsgsi29ahjj0jmmhgluivdq0gsol3k.apps.googleusercontent.com",
          "client_type": 3
        }
      ],
      "api_key": [
        {
          "current_key": "AIzaSyANP9G6Z0KKBpP_fUcL1OdxY16jwqlr4bM"
        }
      ],
      "services": {
        "appinvite_service": {
          "other_platform_oauth_client": [
            {
              "client_id": "163115966016-6qjsgsi29ahjj0jmmhgluivdq0gsol3k.apps.googleusercontent.com",
              "client_type": 3
            }
          ]
        }
      }
    }
  ],
  "configuration_version": "1"
}